,País,Ano,Proporção da população urbana que vive em favelas (%),Região
0,Afghanistan,2006,63.6,
1,Afghanistan,2008,63.6,
2,Afghanistan,2010,64.81,
3,Afghanistan,2012,67.25,
4,Afghanistan,2014,69.69,
5,Afghanistan,2016,72.13,
6,Afghanistan,2018,73.3,
7,Afghanistan,2020,73.3,
8,Algeria,2008,30.8,
9,Algeria,2010,30.8,
10,Algeria,2012,28.89,
11,Algeria,2014,24.98,
12,Algeria,2016,21.08,
13,Algeria,2018,17.17,
14,Algeria,2020,13.27,
15,Angola,2000,19.7,
16,Angola,2002,19.7,
17,Angola,2004,19.66,
18,Angola,2006,25.79,
19,Angola,2008,31.92,
20,Angola,2010,38.05,
21,Angola,2012,44.19,
22,Angola,2014,50.32,
23,Angola,2016,56.45,
24,Angola,2018,62.58,
25,Angola,2020,62.6,
26,Argentina,2000,20.29,América do Sul
27,Argentina,2002,19.57,América do Sul
28,Argentina,2004,18.84,América do Sul
29,Argentina,2006,18.11,América do Sul
30,Argentina,2008,17.39,América do Sul
31,Argentina,2010,16.66,América do Sul
32,Argentina,2012,15.94,América do Sul
33,Armenia,2000,12.8,
34,Armenia,2002,12.31,
35,Armenia,2004,11.82,
36,Armenia,2006,11.33,
37,Armenia,2008,10.84,
38,Armenia,2010,10.35,
39,Armenia,2012,9.86,
40,Armenia,2014,9.37,
41,Armenia,2016,8.88,
42,Armenia,2018,8.39,
43,Armenia,2020,8.39,
44,Austria,2000,4.5,
45,Austria,2002,4.4,
46,Austria,2004,4.4,
47,Austria,2006,4.4,
48,Azerbaijan,2000,50.94,
49,Azerbaijan,2002,44.94,
50,Azerbaijan,2004,38.93,
51,Azerbaijan,2006,32.93,
52,Azerbaijan,2008,26.93,
53,Azerbaijan,2010,26.93,
54,Azerbaijan,2012,26.93,
55,Bangladesh,2000,58.31,
56,Bangladesh,2002,57.67,
57,Bangladesh,2004,57.02,
58,Bangladesh,2006,56.38,
59,Bangladesh,2008,55.73,
60,Bangladesh,2010,55.09,
61,Bangladesh,2012,54.45,
62,Bangladesh,2014,53.8,
63,Bangladesh,2016,53.16,
64,Bangladesh,2018,52.51,
65,Bangladesh,2020,51.87,
66,Belarus,2000,17.56,
67,Belarus,2002,16.03,
68,Belarus,2004,14.5,
69,Belarus,2006,12.97,
70,Belarus,2008,11.45,
71,Belarus,2010,9.92,
72,Belarus,2012,8.39,
73,Belarus,2014,6.86,
74,Belarus,2016,5.33,
75,Belarus,2018,3.8,
76,Belarus,2020,2.28,
77,Belize,2000,15.8,
78,Belize,2002,15.76,
79,Belize,2004,15.76,
80,Belize,2006,15.75,
81,Belize,2008,15.75,
82,Belize,2010,15.75,
83,Belize,2012,15.74,
84,Belize,2014,15.74,
85,Belize,2016,15.73,
86,Belize,2018,15.73,
87,Belize,2020,15.73,
88,Benin,2000,71.87,
89,Benin,2002,71.47,
90,Benin,2004,71.08,
91,Benin,2006,70.69,
92,Benin,2008,70.29,
93,Benin,2010,69.9,
94,Benin,2012,69.51,
95,Benin,2014,69.11,
96,Benin,2016,68.72,
97,Benin,2018,68.33,
98,Benin,2020,67.93,
99,Bolivia,2000,57.94,América do Sul
100,Bolivia,2002,55.68,América do Sul
101,Bolivia,2004,53.42,América do Sul
102,Bolivia,2006,51.15,América do Sul
103,Bolivia,2008,48.89,América do Sul
104,Bolivia,2010,46.63,América do Sul
105,Bolivia,2012,46.63,América do Sul
106,Bolivia,2014,46.63,América do Sul
107,Bosnia and Herzegovina,2000,5.1,
108,Bosnia and Herzegovina,2002,5.1,
109,Bosnia and Herzegovina,2004,5.1,
110,Bosnia and Herzegovina,2006,4.9,
111,Bosnia and Herzegovina,2008,4.7,
112,Bosnia and Herzegovina,2010,4.5,
113,Bosnia and Herzegovina,2012,4.3,
114,Bosnia and Herzegovina,2014,4.0,
115,Bosnia and Herzegovina,2016,4.0,
116,Bosnia and Herzegovina,2018,4.0,
117,Botswana,2000,58.69,
118,Botswana,2002,56.57,
119,Botswana,2004,54.45,
120,Botswana,2006,52.32,
121,Botswana,2008,50.2,
122,Botswana,2010,48.08,
123,Botswana,2012,45.96,
124,Botswana,2014,43.83,
125,Botswana,2016,41.71,
126,Botswana,2018,39.59,
127,Botswana,2020,39.6,
128,Brazil,2000,34.74,América do Sul
129,Brazil,2002,31.43,América do Sul
130,Brazil,2004,28.13,América do Sul
131,Brazil,2006,24.82,América do Sul
132,Brazil,2008,21.51,América do Sul
133,Brazil,2010,18.2,América do Sul
134,Brazil,2012,14.9,América do Sul
135,Brazil,2014,14.9,América do Sul
136,Brazil,2016,14.9,América do Sul
137,Burkina Faso,2000,82.21,
138,Burkina Faso,2002,76.65,
139,Burkina Faso,2004,71.08,
140,Burkina Faso,2006,65.51,
141,Burkina Faso,2008,59.95,
142,Burkina Faso,2010,54.38,
143,Burkina Faso,2012,48.81,
144,Burkina Faso,2014,43.25,
145,Burkina Faso,2016,37.68,
146,Burkina Faso,2018,32.12,
147,Burkina Faso,2020,26.55,
148,Burundi,2000,79.7,
149,Burundi,2002,79.7,
150,Burundi,2004,77.04,
151,Burundi,2006,71.68,
152,Burundi,2008,66.32,
153,Burundi,2010,60.96,
154,Burundi,2012,55.59,
155,Burundi,2014,50.23,
156,Burundi,2016,44.87,
157,Burundi,2018,39.51,
158,Burundi,2020,36.8,
159,Cambodia,2000,84.8,
160,Cambodia,2002,79.2,
161,Cambodia,2004,73.6,
162,Cambodia,2006,67.9,
163,Cambodia,2008,62.3,
164,Cambodia,2010,56.6,
165,Cambodia,2012,51.0,
166,Cambodia,2014,45.4,
167,Cambodia,2016,39.7,
168,Cambodia,2018,39.7,
169,Cambodia,2020,39.7,
170,Cameroon,2000,65.36,
171,Cameroon,2002,62.09,
172,Cameroon,2004,58.83,
173,Cameroon,2006,55.56,
174,Cameroon,2008,52.29,
175,Cameroon,2010,49.02,
176,Cameroon,2012,45.75,
177,Cameroon,2014,42.48,
178,Cameroon,2016,39.21,
179,Cameroon,2018,35.94,
180,Cameroon,2020,32.67,
181,Central African Republic,2000,85.97,
182,Central African Republic,2002,83.12,
183,Central African Republic,2004,80.28,
184,Central African Republic,2006,77.44,
185,Central African Republic,2008,74.6,
186,Central African Republic,2010,71.76,
187,Central African Republic,2012,68.91,
188,Central African Republic,2014,68.91,
189,Central African Republic,2016,68.91,
190,Central and Southern Asia (UN),2000,55.99,
191,Central and Southern Asia (UN),2002,55.11,
192,Central and Southern Asia (UN),2004,54.23,
193,Central and Southern Asia (UN),2006,53.47,
194,Central and Southern Asia (UN),2008,52.59,
195,Central and Southern Asia (UN),2010,51.73,
196,Central and Southern Asia (UN),2012,50.9,
197,Central and Southern Asia (UN),2014,50.07,
198,Central and Southern Asia (UN),2016,49.25,
199,Central and Southern Asia (UN),2018,48.46,
200,Central and Southern Asia (UN),2020,48.23,
201,Chad,2000,91.58,
202,Chad,2002,90.46,
203,Chad,2004,89.33,
204,Chad,2006,88.2,
205,Chad,2008,87.07,
206,Chad,2010,85.95,
207,Chad,2012,84.82,
208,Chad,2014,83.69,
209,Chad,2016,82.57,
210,Chad,2018,82.0,
211,Chad,2020,82.0,
212,Chile,2000,14.62,América do Sul
213,Chile,2002,10.97,América do Sul
214,Chile,2004,7.32,América do Sul
215,Chile,2006,7.3,América do Sul
216,Chile,2008,7.3,América do Sul
217,Colombia,2000,21.18,América do Sul
218,Colombia,2002,19.83,América do Sul
219,Colombia,2004,18.49,América do Sul
220,Colombia,2006,17.14,América do Sul
221,Colombia,2008,15.8,América do Sul
222,Colombia,2010,14.45,América do Sul
223,Colombia,2012,13.11,América do Sul
224,Colombia,2014,11.77,América do Sul
225,Colombia,2016,10.42,América do Sul
226,Colombia,2018,9.7,América do Sul
227,Colombia,2020,9.7,América do Sul
228,Comoros,2000,64.49,
229,Comoros,2002,65.09,
230,Comoros,2004,65.68,
231,Comoros,2006,66.27,
232,Comoros,2008,66.86,
233,Comoros,2010,67.45,
234,Comoros,2012,68.05,
235,Comoros,2014,68.64,
236,Comoros,2016,68.6,
237,Comoros,2018,68.6,
238,Congo,2000,87.81,
239,Congo,2002,87.81,
240,Congo,2004,84.69,
241,Congo,2006,78.46,
242,Congo,2008,72.23,
243,Congo,2010,65.99,
244,Congo,2012,59.76,
245,Congo,2014,53.53,
246,Congo,2016,47.3,
247,Congo,2018,44.18,
248,Congo,2020,44.18,
249,Costa Rica,2000,12.7,
250,Costa Rica,2002,11.78,
251,Costa Rica,2004,10.87,
252,Costa Rica,2006,9.95,
253,Costa Rica,2008,9.04,
254,Costa Rica,2010,8.12,
255,Costa Rica,2012,7.21,
256,Costa Rica,2014,6.29,
257,Costa Rica,2016,5.38,
258,Costa Rica,2018,4.46,
259,Costa Rica,2020,3.55,
260,Cote d'Ivoire,2000,67.08,
261,Cote d'Ivoire,2002,65.54,
262,Cote d'Ivoire,2004,64.0,
263,Cote d'Ivoire,2006,62.45,
264,Cote d'Ivoire,2008,60.91,
265,Cote d'Ivoire,2010,59.37,
266,Cote d'Ivoire,2012,57.83,
267,Cote d'Ivoire,2014,56.29,
268,Cote d'Ivoire,2016,54.75,
269,Cote d'Ivoire,2018,53.21,
270,Cote d'Ivoire,2020,53.21,
271,Cuba,2000,2.15,
272,Cuba,2002,2.15,
273,Cuba,2004,2.15,
274,Cuba,2006,3.2,
275,Cuba,2008,4.25,
276,Cuba,2010,5.3,
277,Cuba,2012,6.35,
278,Cuba,2014,7.4,
279,Cuba,2016,8.44,
280,Cuba,2018,9.49,
281,Cuba,2020,10.54,
282,Democratic Republic of Congo,2002,71.91,
283,Democratic Republic of Congo,2004,71.91,
284,Democratic Republic of Congo,2006,72.37,
285,Democratic Republic of Congo,2008,73.3,
286,Democratic Republic of Congo,2010,74.22,
287,Democratic Republic of Congo,2012,75.14,
288,Democratic Republic of Congo,2014,76.06,
289,Democratic Republic of Congo,2016,76.98,
290,Democratic Republic of Congo,2018,77.9,
291,Democratic Republic of Congo,2020,78.36,
292,Dominican Republic,2000,30.16,
293,Dominican Republic,2002,27.79,
294,Dominican Republic,2004,25.43,
295,Dominican Republic,2006,23.07,
296,Dominican Republic,2008,20.7,
297,Dominican Republic,2010,18.34,
298,Dominican Republic,2012,15.98,
299,Dominican Republic,2014,13.61,
300,Dominican Republic,2016,11.25,
301,Dominican Republic,2018,11.25,
302,Dominican Republic,2020,11.25,
303,East Timor,2004,56.1,
304,East Timor,2006,56.1,
305,East Timor,2008,54.0,
306,East Timor,2010,50.0,
307,East Timor,2012,46.0,
308,East Timor,2014,42.0,
309,East Timor,2016,37.9,
310,East Timor,2018,33.9,
311,East Timor,2020,33.9,
312,Eastern and South-Eastern Asia (UN),2000,37.55,
313,Eastern and South-Eastern Asia (UN),2002,35.91,
314,Eastern and South-Eastern Asia (UN),2004,34.23,
315,Eastern and South-Eastern Asia (UN),2006,32.45,
316,Eastern and South-Eastern Asia (UN),2008,30.64,
317,Eastern and South-Eastern Asia (UN),2010,28.83,
318,Eastern and South-Eastern Asia (UN),2012,27.09,
319,Eastern and South-Eastern Asia (UN),2014,25.33,
320,Eastern and South-Eastern Asia (UN),2016,23.55,
321,Eastern and South-Eastern Asia (UN),2018,22.43,
322,Eastern and South-Eastern Asia (UN),2020,21.7,
323,Ecuador,2000,57.41,América do Sul
324,Ecuador,2002,57.85,América do Sul
325,Ecuador,2004,57.8,América do Sul
326,Ecuador,2006,57.8,América do Sul
327,Egypt,2000,42.23,
328,Egypt,2002,36.72,
329,Egypt,2004,31.21,
330,Egypt,2006,25.7,
331,Egypt,2008,20.19,
332,Egypt,2010,14.68,
333,Egypt,2012,9.17,
334,Egypt,2014,3.65,
335,Egypt,2016,0.9,
336,Egypt,2018,0.9,
337,El Salvador,2002,49.5,
338,El Salvador,2004,49.5,
339,El Salvador,2006,46.49,
340,El Salvador,2008,40.49,
341,El Salvador,2010,34.49,
342,El Salvador,2012,28.48,
343,El Salvador,2014,22.48,
344,El Salvador,2016,16.48,
345,El Salvador,2018,16.5,
346,El Salvador,2020,16.5,
347,Eswatini,2000,55.35,
348,Eswatini,2002,55.35,
349,Eswatini,2004,55.35,
350,Eswatini,2006,47.93,
351,Eswatini,2008,40.5,
352,Eswatini,2010,33.08,
353,Eswatini,2012,25.66,
354,Eswatini,2014,18.23,
355,Eswatini,2016,10.81,
356,Eswatini,2018,10.81,
357,Eswatini,2020,10.81,
358,Ethiopia,2000,92.17,
359,Ethiopia,2002,89.08,
360,Ethiopia,2004,85.98,
361,Ethiopia,2006,82.89,
362,Ethiopia,2008,79.79,
363,Ethiopia,2010,76.7,
364,Ethiopia,2012,73.6,
365,Ethiopia,2014,70.5,
366,Ethiopia,2016,67.41,
367,Ethiopia,2018,64.31,
368,Ethiopia,2020,64.31,
369,Europe and Northern America (UN),2000,1.4,
370,Europe and Northern America (UN),2002,1.36,
371,Europe and Northern America (UN),2004,1.27,
372,Europe and Northern America (UN),2006,1.16,
373,Europe and Northern America (UN),2008,1.04,
374,Europe and Northern America (UN),2010,0.94,
375,Europe and Northern America (UN),2012,0.85,
376,Europe and Northern America (UN),2014,0.76,
377,Europe and Northern America (UN),2016,0.85,
378,Europe and Northern America (UN),2018,0.78,
379,Europe and Northern America (UN),2020,0.69,
380,Fiji,2002,15.0,
381,Fiji,2004,15.0,
382,Fiji,2006,14.5,
383,Fiji,2008,13.5,
384,Fiji,2010,12.5,
385,Fiji,2012,11.4,
386,Fiji,2014,10.4,
387,Fiji,2016,9.4,
388,Fiji,2018,9.4,
389,Fiji,2020,9.4,
390,Gabon,2000,57.43,
391,Gabon,2002,55.56,
392,Gabon,2004,53.69,
393,Gabon,2006,51.82,
394,Gabon,2008,49.95,
395,Gabon,2010,48.07,
396,Gabon,2012,46.2,
397,Gabon,2014,44.33,
398,Gabon,2016,44.33,
399,Gabon,2018,44.33,
400,Gambia,2000,56.92,
401,Gambia,2002,55.12,
402,Gambia,2004,53.32,
403,Gambia,2006,51.51,
404,Gambia,2008,49.71,
405,Gambia,2010,47.91,
406,Gambia,2012,46.1,
407,Gambia,2014,44.3,
408,Gambia,2016,42.5,
409,Gambia,2018,40.7,
410,Gambia,2020,38.89,
411,Georgia,2000,13.6,
412,Georgia,2002,13.6,
413,Georgia,2004,13.21,
414,Georgia,2006,12.45,
415,Georgia,2008,11.68,
416,Georgia,2010,10.91,
417,Georgia,2012,10.15,
418,Georgia,2014,9.38,
419,Georgia,2016,8.61,
420,Georgia,2018,7.85,
421,Georgia,2020,7.08,
422,Ghana,2000,60.37,
423,Ghana,2002,57.01,
424,Ghana,2004,53.65,
425,Ghana,2006,50.29,
426,Ghana,2008,46.93,
427,Ghana,2010,43.57,
428,Ghana,2012,40.21,
429,Ghana,2014,36.85,
430,Ghana,2016,33.49,
431,Ghana,2018,33.49,
432,Ghana,2020,33.49,
433,Guatemala,2000,55.5,
434,Guatemala,2002,53.26,
435,Guatemala,2004,51.02,
436,Guatemala,2006,48.79,
437,Guatemala,2008,46.55,
438,Guatemala,2010,44.31,
439,Guatemala,2012,42.08,
440,Guatemala,2014,39.84,
441,Guatemala,2016,37.6,
442,Guatemala,2018,37.6,
443,Guatemala,2020,37.6,
444,Guinea,2000,40.67,
445,Guinea,2002,41.5,
446,Guinea,2004,42.33,
447,Guinea,2006,43.17,
448,Guinea,2008,44.0,
449,Guinea,2010,44.84,
450,Guinea,2012,45.67,
451,Guinea,2014,46.5,
452,Guinea,2016,47.34,
453,Guinea,2018,48.17,
454,Guinea,2020,49.01,
455,Guinea-Bissau,2008,75.2,
456,Guinea-Bissau,2010,75.2,
457,Guinea-Bissau,2012,75.25,
458,Guinea-Bissau,2014,71.64,
459,Guinea-Bissau,2016,68.03,
460,Guinea-Bissau,2018,64.42,
461,Guinea-Bissau,2020,60.81,
462,Guyana,2000,26.1,América do Sul
463,Guyana,2002,26.1,América do Sul
464,Guyana,2004,25.32,América do Sul
465,Guyana,2006,23.67,América do Sul
466,Guyana,2008,22.02,América do Sul
467,Guyana,2010,20.38,América do Sul
468,Guyana,2012,18.73,América do Sul
469,Guyana,2014,17.08,América do Sul
470,Guyana,2016,15.43,América do Sul
471,Guyana,2018,13.79,América do Sul
472,Guyana,2020,12.14,América do Sul
473,Haiti,2000,61.28,
474,Haiti,2002,59.98,
475,Haiti,2004,58.67,
476,Haiti,2006,57.37,
477,Haiti,2008,56.06,
478,Haiti,2010,54.76,
479,Haiti,2012,53.45,
480,Haiti,2014,52.14,
481,Haiti,2016,50.84,
482,Haiti,2018,49.53,
483,Haiti,2020,48.9,
484,Honduras,2000,44.4,
485,Honduras,2002,44.4,
486,Honduras,2004,43.24,
487,Honduras,2006,40.9,
488,Honduras,2008,38.56,
489,Honduras,2010,36.22,
490,Honduras,2012,33.88,
491,Honduras,2014,31.54,
492,Honduras,2016,31.5,
493,Honduras,2018,31.5,
494,Hungary,2000,15.4,
495,Hungary,2002,14.2,
496,Hungary,2004,12.9,
497,Hungary,2006,11.6,
498,Hungary,2008,10.4,
499,Hungary,2010,9.1,
500,Hungary,2012,7.9,
501,Hungary,2014,7.2,
502,Hungary,2016,7.2,
503,India,2000,55.29,
504,India,2002,54.6,
505,India,2004,53.9,
506,India,2006,53.2,
507,India,2008,52.5,
508,India,2010,51.8,
509,India,2012,51.11,
510,India,2014,50.41,
511,India,2016,49.71,
512,India,2018,49.01,
513,India,2020,49.01,
514,Indonesia,2000,35.13,
515,Indonesia,2002,33.47,
516,Indonesia,2004,31.82,
517,Indonesia,2006,30.16,
518,Indonesia,2008,28.51,
519,Indonesia,2010,26.85,
520,Indonesia,2012,25.2,
521,Indonesia,2014,23.55,
522,Indonesia,2016,21.89,
523,Indonesia,2018,20.24,
524,Indonesia,2020,19.41,
525,Iraq,2000,33.89,
526,Iraq,2002,35.44,
527,Iraq,2004,36.98,
528,Iraq,2006,38.53,
529,Iraq,2008,40.07,
530,Iraq,2010,41.62,
531,Iraq,2012,43.16,
532,Iraq,2014,44.71,
533,Iraq,2016,46.25,
534,Iraq,2018,47.79,
535,Iraq,2020,49.34,
536,Ireland,2000,6.2,
537,Ireland,2002,6.4,
538,Ireland,2004,6.7,
539,Ireland,2006,6.9,
540,Ireland,2008,7.2,
541,Ireland,2010,7.5,
542,Ireland,2012,7.7,
543,Ireland,2014,8.0,
544,Ireland,2016,8.3,
545,Ireland,2018,8.5,
546,Ireland,2020,8.5,
547,Jordan,2000,40.02,
548,Jordan,2002,37.69,
549,Jordan,2004,35.36,
550,Jordan,2006,33.03,
551,Jordan,2008,30.7,
552,Jordan,2010,28.37,
553,Jordan,2012,26.04,
554,Jordan,2014,23.71,
555,Jordan,2016,21.38,
556,Jordan,2018,19.05,
557,Jordan,2020,16.72,
558,Kazakhstan,2000,24.46,
559,Kazakhstan,2002,21.67,
560,Kazakhstan,2004,18.89,
561,Kazakhstan,2006,16.11,
562,Kazakhstan,2008,13.32,
563,Kazakhstan,2010,10.54,
564,Kazakhstan,2012,7.75,
565,Kazakhstan,2014,4.97,
566,Kazakhstan,2016,2.19,
567,Kazakhstan,2018,0.79,
568,Kazakhstan,2020,0.79,
569,Kenya,2000,63.18,
570,Kenya,2002,61.64,
571,Kenya,2004,60.09,
572,Kenya,2006,58.55,
573,Kenya,2008,57.0,
574,Kenya,2010,55.45,
575,Kenya,2012,53.91,
576,Kenya,2014,52.36,
577,Kenya,2016,50.81,
578,Kenya,2018,50.81,
579,Kenya,2020,50.81,
580,Kyrgyzstan,2000,47.16,
581,Kyrgyzstan,2002,42.69,
582,Kyrgyzstan,2004,38.21,
583,Kyrgyzstan,2006,33.74,
584,Kyrgyzstan,2008,29.27,
585,Kyrgyzstan,2010,24.8,
586,Kyrgyzstan,2012,20.33,
587,Kyrgyzstan,2014,15.86,
588,Kyrgyzstan,2016,11.38,
589,Kyrgyzstan,2018,6.91,
590,Kyrgyzstan,2020,2.44,
591,Laos,2000,54.4,
592,Laos,2002,51.0,
593,Laos,2004,47.5,
594,Laos,2006,44.1,
595,Laos,2008,40.7,
596,Laos,2010,37.3,
597,Laos,2012,33.8,
598,Laos,2014,30.4,
599,Laos,2016,27.0,
600,Laos,2018,23.6,
601,Laos,2020,21.8,
602,Latin America and the Caribbean (UN),2000,31.86,
603,Latin America and the Caribbean (UN),2002,30.22,
604,Latin America and the Caribbean (UN),2004,28.15,
605,Latin America and the Caribbean (UN),2006,26.2,
606,Latin America and the Caribbean (UN),2008,23.41,
607,Latin America and the Caribbean (UN),2010,21.78,
608,Latin America and the Caribbean (UN),2012,19.22,
609,Latin America and the Caribbean (UN),2014,18.35,
610,Latin America and the Caribbean (UN),2016,17.02,
611,Latin America and the Caribbean (UN),2018,17.91,
612,Latin America and the Caribbean (UN),2020,17.7,
613,Lebanon,2002,92.4,
614,Lebanon,2004,92.4,
615,Lebanon,2006,92.41,
616,Lebanon,2008,67.3,
617,Lebanon,2010,42.19,
618,Lebanon,2012,17.09,
619,Lebanon,2014,4.5,
620,Lebanon,2016,4.5,
621,Lesotho,2000,62.73,
622,Lesotho,2002,62.73,
623,Lesotho,2004,58.6,
624,Lesotho,2006,54.47,
625,Lesotho,2008,50.34,
626,Lesotho,2010,46.21,
627,Lesotho,2012,42.08,
628,Lesotho,2014,37.94,
629,Lesotho,2016,33.81,
630,Lesotho,2018,29.68,
631,Lesotho,2020,25.55,
632,Liberia,2002,75.49,
633,Liberia,2004,75.49,
634,Liberia,2006,74.6,
635,Liberia,2008,72.81,
636,Liberia,2010,71.03,
637,Liberia,2012,69.24,
638,Liberia,2014,67.46,
639,Liberia,2016,65.67,
640,Liberia,2018,63.88,
641,Liberia,2020,63.88,
642,Madagascar,2000,91.44,
643,Madagascar,2002,89.03,
644,Madagascar,2004,86.63,
645,Madagascar,2006,84.23,
646,Madagascar,2008,81.83,
647,Madagascar,2010,79.43,
648,Madagascar,2012,77.03,
649,Madagascar,2014,74.62,
650,Madagascar,2016,72.22,
651,Madagascar,2018,69.82,
652,Madagascar,2020,67.42,
653,Malawi,2000,81.41,
654,Malawi,2002,77.9,
655,Malawi,2004,74.38,
656,Malawi,2006,70.87,
657,Malawi,2008,67.35,
658,Malawi,2010,63.84,
659,Malawi,2012,60.33,
660,Malawi,2014,56.81,
661,Malawi,2016,53.3,
662,Malawi,2018,49.78,
663,Malawi,2020,49.78,
664,Maldives,2004,41.53,
665,Maldives,2006,41.53,
666,Maldives,2008,40.98,
667,Maldives,2010,39.86,
668,Maldives,2012,38.75,
669,Maldives,2014,37.63,
670,Maldives,2016,36.52,
671,Maldives,2018,35.4,
672,Maldives,2020,34.85,
673,Mali,2000,83.88,
674,Mali,2002,79.68,
675,Mali,2004,75.49,
676,Mali,2006,71.29,
677,Mali,2008,67.1,
678,Mali,2010,62.9,
679,Mali,2012,58.71,
680,Mali,2014,54.51,
681,Mali,2016,50.32,
682,Mali,2018,46.12,
683,Mali,2020,41.93,
684,Mauritania,2000,84.69,
685,Mauritania,2002,81.32,
686,Mauritania,2004,77.94,
687,Mauritania,2006,74.56,
688,Mauritania,2008,71.19,
689,Mauritania,2010,67.81,
690,Mauritania,2012,64.43,
691,Mauritania,2014,61.06,
692,Mauritania,2016,57.68,
693,Mauritania,2018,56.0,
694,Mauritania,2020,56.0,
695,Mexico,2000,32.16,
696,Mexico,2002,30.45,
697,Mexico,2004,28.73,
698,Mexico,2006,27.02,
699,Mexico,2008,25.3,
700,Mexico,2010,23.59,
701,Mexico,2012,21.87,
702,Mexico,2014,20.16,
703,Mexico,2016,18.44,
704,Mexico,2018,17.6,
705,Mexico,2020,17.6,
706,Moldova,2000,26.5,
707,Moldova,2002,23.7,
708,Moldova,2004,20.8,
709,Moldova,2006,18.0,
710,Moldova,2008,15.1,
711,Moldova,2010,12.3,
712,Moldova,2012,9.4,
713,Moldova,2014,6.5,
714,Moldova,2016,6.5,
715,Moldova,2018,6.5,
716,Mongolia,2000,57.6,
717,Mongolia,2002,53.63,
718,Mongolia,2004,49.66,
719,Mongolia,2006,45.69,
720,Mongolia,2008,41.71,
721,Mongolia,2010,37.74,
722,Mongolia,2012,33.77,
723,Mongolia,2014,29.8,
724,Mongolia,2016,25.82,
725,Mongolia,2018,21.85,
726,Mongolia,2020,17.88,
727,Montenegro,2000,19.1,
728,Montenegro,2002,19.1,
729,Montenegro,2004,18.5,
730,Montenegro,2006,17.3,
731,Montenegro,2008,16.1,
732,Montenegro,2010,14.9,
733,Montenegro,2012,13.6,
734,Montenegro,2014,12.4,
735,Montenegro,2016,11.2,
736,Montenegro,2018,10.0,
737,Montenegro,2020,8.8,
738,Morocco,2000,33.15,
739,Morocco,2002,30.37,
740,Morocco,2004,27.58,
741,Morocco,2006,24.79,
742,Morocco,2008,22.0,
743,Morocco,2010,19.21,
744,Morocco,2012,16.43,
745,Morocco,2014,13.64,
746,Morocco,2016,10.85,
747,Morocco,2018,10.85,
748,Morocco,2020,10.85,
749,Mozambique,2000,90.1,
750,Mozambique,2002,86.58,
751,Mozambique,2004,83.07,
752,Mozambique,2006,79.55,
753,Mozambique,2008,76.04,
754,Mozambique,2010,72.53,
755,Mozambique,2012,69.01,
756,Mozambique,2014,65.5,
757,Mozambique,2016,61.99,
758,Mozambique,2018,58.47,
759,Mozambique,2020,54.96,
760,Myanmar,2000,29.4,
761,Myanmar,2002,32.61,
762,Myanmar,2004,35.82,
763,Myanmar,2006,39.03,
764,Myanmar,2008,42.24,
765,Myanmar,2010,45.44,
766,Myanmar,2012,48.65,
767,Myanmar,2014,51.86,
768,Myanmar,2016,55.07,
769,Myanmar,2018,58.28,
770,Myanmar,2020,58.28,
771,Namibia,2000,42.56,
772,Namibia,2002,42.41,
773,Namibia,2004,42.26,
774,Namibia,2006,42.11,
775,Namibia,2008,41.96,
776,Namibia,2010,41.81,
777,Namibia,2012,41.66,
778,Namibia,2014,41.51,
779,Namibia,2016,41.36,
780,Namibia,2018,41.4,
781,Nepal,2000,66.31,
782,Nepal,2002,63.42,
783,Nepal,2004,60.53,
784,Nepal,2006,57.63,
785,Nepal,2008,54.74,
786,Nepal,2010,51.85,
787,Nepal,2012,48.96,
788,Nepal,2014,46.07,
789,Nepal,2016,43.17,
790,Nepal,2018,40.28,
791,Nepal,2020,40.28,
792,Nicaragua,2000,71.6,
793,Nicaragua,2002,70.34,
794,Nicaragua,2004,69.07,
795,Nicaragua,2006,67.81,
796,Nicaragua,2008,67.2,
797,Nicaragua,2010,67.2,
798,Niger,2000,70.04,
799,Niger,2002,70.1,
800,Niger,2004,70.15,
801,Niger,2006,70.21,
802,Niger,2008,70.27,
803,Niger,2010,70.33,
804,Niger,2012,70.39,
805,Niger,2014,70.44,
806,Niger,2016,70.44,
807,Niger,2018,70.44,
808,Nigeria,2000,74.11,
809,Nigeria,2002,71.59,
810,Nigeria,2004,69.08,
811,Nigeria,2006,66.57,
812,Nigeria,2008,64.06,
813,Nigeria,2010,61.54,
814,Nigeria,2012,59.03,
815,Nigeria,2014,56.52,
816,Nigeria,2016,54.01,
817,Nigeria,2018,51.49,
818,Nigeria,2020,48.98,
819,Oceania (UN),2000,16.98,
820,Oceania (UN),2002,15.99,
821,Oceania (UN),2004,15.98,
822,Oceania (UN),2006,15.9,
823,Oceania (UN),2008,15.71,
824,Oceania (UN),2010,15.5,
825,Oceania (UN),2012,15.26,
826,Oceania (UN),2014,15.03,
827,Oceania (UN),2016,14.84,
828,Oceania (UN),2018,15.03,
829,Oceania (UN),2020,15.25,
830,Pakistan,2000,71.22,
831,Pakistan,2002,69.7,
832,Pakistan,2004,68.17,
833,Pakistan,2006,66.65,
834,Pakistan,2008,65.12,
835,Pakistan,2010,63.6,
836,Pakistan,2012,62.07,
837,Pakistan,2014,60.55,
838,Pakistan,2016,59.02,
839,Pakistan,2018,57.5,
840,Pakistan,2020,55.97,
841,Palestine,2002,30.0,
842,Palestine,2004,30.0,
843,Palestine,2006,29.07,
844,Palestine,2008,27.16,
845,Palestine,2010,25.26,
846,Palestine,2012,23.35,
847,Palestine,2014,21.44,
848,Palestine,2016,19.54,
849,Palestine,2018,19.5,
850,Palestine,2020,19.5,
851,Panama,2000,48.68,
852,Panama,2002,44.36,
853,Panama,2004,40.05,
854,Panama,2006,35.74,
855,Panama,2008,31.43,
856,Panama,2010,27.12,
857,Panama,2012,22.81,
858,Panama,2014,18.5,
859,Panama,2016,16.3,
860,Panama,2018,16.3,
861,Paraguay,2000,42.03,América do Sul
862,Paraguay,2002,39.03,América do Sul
863,Paraguay,2004,36.03,América do Sul
864,Paraguay,2006,33.04,América do Sul
865,Paraguay,2008,30.04,América do Sul
866,Paraguay,2010,27.04,América do Sul
867,Paraguay,2012,24.04,América do Sul
868,Paraguay,2014,21.05,América do Sul
869,Paraguay,2016,18.05,América do Sul
870,Paraguay,2018,15.05,América do Sul
871,Paraguay,2020,15.1,América do Sul
872,Peru,2000,47.41,América do Sul
873,Peru,2002,45.56,América do Sul
874,Peru,2004,43.72,América do Sul
875,Peru,2006,41.87,América do Sul
876,Peru,2008,40.02,América do Sul
877,Peru,2010,38.17,América do Sul
878,Peru,2012,36.32,América do Sul
879,Peru,2014,34.47,América do Sul
880,Philippines,2000,49.97,
881,Philippines,2002,48.57,
882,Philippines,2004,47.16,
883,Philippines,2006,45.76,
884,Philippines,2008,44.35,
885,Philippines,2010,42.94,
886,Philippines,2012,41.54,
887,Philippines,2014,40.13,
888,Philippines,2016,38.72,
889,Philippines,2018,37.32,
890,Philippines,2020,36.62,
891,Rwanda,2000,71.42,
892,Rwanda,2002,67.94,
893,Rwanda,2004,64.46,
894,Rwanda,2006,60.98,
895,Rwanda,2008,57.5,
896,Rwanda,2010,54.01,
897,Rwanda,2012,50.53,
898,Rwanda,2014,47.05,
899,Rwanda,2016,43.57,
900,Rwanda,2018,40.09,
901,Rwanda,2020,38.35,
902,Sao Tome and Principe,2004,61.4,
903,Sao Tome and Principe,2006,61.4,
904,Sao Tome and Principe,2008,60.4,
905,Sao Tome and Principe,2010,58.46,
906,Sao Tome and Principe,2012,56.52,
907,Sao Tome and Principe,2014,54.58,
908,Sao Tome and Principe,2016,52.64,
909,Sao Tome and Principe,2018,52.6,
910,Sao Tome and Principe,2020,52.6,
911,Senegal,2000,67.15,
912,Senegal,2002,63.6,
913,Senegal,2004,60.04,
914,Senegal,2006,56.49,
915,Senegal,2008,52.93,
916,Senegal,2010,49.38,
917,Senegal,2012,45.82,
918,Senegal,2014,42.27,
919,Senegal,2016,38.71,
920,Senegal,2018,35.16,
921,Senegal,2020,31.6,
922,Sierra Leone,2000,73.9,
923,Sierra Leone,2002,73.9,
924,Sierra Leone,2004,72.55,
925,Sierra Leone,2006,69.81,
926,Sierra Leone,2008,67.07,
927,Sierra Leone,2010,64.33,
928,Sierra Leone,2012,61.6,
929,Sierra Leone,2014,58.86,
930,Sierra Leone,2016,56.12,
931,Sierra Leone,2018,53.38,
932,Sierra Leone,2020,50.65,
933,South Africa,2000,27.61,
934,South Africa,2002,27.23,
935,South Africa,2004,26.85,
936,South Africa,2006,26.47,
937,South Africa,2008,26.09,
938,South Africa,2010,25.71,
939,South Africa,2012,25.32,
940,South Africa,2014,24.94,
941,South Africa,2016,24.56,
942,South Africa,2018,24.18,
943,South Africa,2020,24.2,
944,South Sudan,2002,99.8,
945,South Sudan,2004,99.8,
946,South Sudan,2006,99.8,
947,South Sudan,2008,99.81,
948,South Sudan,2010,97.0,
949,South Sudan,2012,94.2,
950,South Sudan,2014,94.2,
951,South Sudan,2016,94.2,
952,Sub-Saharan Africa (UN),2000,64.14,
953,Sub-Saharan Africa (UN),2002,63.38,
954,Sub-Saharan Africa (UN),2004,61.64,
955,Sub-Saharan Africa (UN),2006,60.16,
956,Sub-Saharan Africa (UN),2008,58.74,
957,Sub-Saharan Africa (UN),2010,57.26,
958,Sub-Saharan Africa (UN),2012,55.74,
959,Sub-Saharan Africa (UN),2014,54.21,
960,Sub-Saharan Africa (UN),2016,52.68,
961,Sub-Saharan Africa (UN),2018,51.34,
962,Sub-Saharan Africa (UN),2020,50.16,
963,Sudan,2002,99.1,
964,Sudan,2004,99.1,
965,Sudan,2006,99.09,
966,Sudan,2008,94.0,
967,Sudan,2010,88.92,
968,Sudan,2012,83.83,
969,Sudan,2014,78.75,
970,Sudan,2016,73.66,
971,Sudan,2018,73.7,
972,Sudan,2020,73.7,
973,Suriname,2000,7.43,América do Sul
974,Suriname,2002,8.27,América do Sul
975,Suriname,2004,9.1,América do Sul
976,Suriname,2006,9.94,América do Sul
977,Suriname,2008,10.78,América do Sul
978,Suriname,2010,11.62,América do Sul
979,Suriname,2012,12.45,América do Sul
980,Suriname,2014,13.29,América do Sul
981,Suriname,2016,14.13,América do Sul
982,Suriname,2018,14.96,América do Sul
983,Suriname,2020,15.8,América do Sul
984,Tajikistan,2000,60.28,
985,Tajikistan,2002,55.73,
986,Tajikistan,2004,51.18,
987,Tajikistan,2006,46.63,
988,Tajikistan,2008,42.08,
989,Tajikistan,2010,37.53,
990,Tajikistan,2012,32.98,
991,Tajikistan,2014,28.44,
992,Tajikistan,2016,23.89,
993,Tajikistan,2018,19.34,
994,Tajikistan,2020,17.06,
995,Tanzania,2000,81.33,
996,Tanzania,2002,77.07,
997,Tanzania,2004,72.81,
998,Tanzania,2006,68.56,
999,Tanzania,2008,64.3,
1000,Tanzania,2010,60.04,
1001,Tanzania,2012,55.78,
1002,Tanzania,2014,51.52,
1003,Tanzania,2016,47.27,
1004,Tanzania,2018,43.01,
1005,Tanzania,2020,40.88,
1006,Thailand,2000,15.61,
1007,Thailand,2002,15.61,
1008,Thailand,2004,15.09,
1009,Thailand,2006,14.05,
1010,Thailand,2008,13.01,
1011,Thailand,2010,11.98,
1012,Thailand,2012,10.94,
1013,Thailand,2014,9.9,
1014,Thailand,2016,8.87,
1015,Thailand,2018,7.83,
1016,Thailand,2020,6.79,
1017,Togo,2000,69.27,
1018,Togo,2002,66.03,
1019,Togo,2004,62.79,
1020,Togo,2006,59.54,
1021,Togo,2008,56.3,
1022,Togo,2010,53.06,
1023,Togo,2012,49.81,
1024,Togo,2014,46.57,
1025,Togo,2016,43.33,
1026,Togo,2018,40.08,
1027,Togo,2020,38.5,
1028,Trinidad and Tobago,2000,11.06,
1029,Trinidad and Tobago,2002,11.06,
1030,Trinidad and Tobago,2004,11.06,
1031,Trinidad and Tobago,2006,10.28,
1032,Trinidad and Tobago,2008,9.5,
1033,Trinidad and Tobago,2010,8.72,
1034,Trinidad and Tobago,2012,7.94,
1035,Trinidad and Tobago,2014,7.5,
1036,Trinidad and Tobago,2016,7.5,
1037,Tunisia,2006,10.4,
1038,Tunisia,2008,10.4,
1039,Tunisia,2010,10.14,
1040,Tunisia,2012,9.64,
1041,Tunisia,2014,9.14,
1042,Tunisia,2016,8.64,
1043,Tunisia,2018,8.14,
1044,Tunisia,2020,7.64,
1045,Turkey,2000,24.58,
1046,Turkey,2002,23.19,
1047,Turkey,2004,21.79,
1048,Turkey,2006,20.4,
1049,Turkey,2008,19.01,
1050,Turkey,2010,17.61,
1051,Turkey,2012,16.22,
1052,Turkey,2014,14.82,
1053,Turkey,2016,14.13,
1054,Turkey,2018,14.13,
1055,Turkmenistan,2000,10.5,
1056,Turkmenistan,2002,10.5,
1057,Turkmenistan,2004,10.51,
1058,Turkmenistan,2006,10.26,
1059,Turkmenistan,2008,10.01,
1060,Turkmenistan,2010,9.76,
1061,Turkmenistan,2012,9.51,
1062,Turkmenistan,2014,9.26,
1063,Turkmenistan,2016,9.01,
1064,Turkmenistan,2018,8.76,
1065,Turkmenistan,2020,8.51,
1066,Uganda,2000,80.9,
1067,Uganda,2002,78.21,
1068,Uganda,2004,75.52,
1069,Uganda,2006,72.83,
1070,Uganda,2008,70.15,
1071,Uganda,2010,67.46,
1072,Uganda,2012,64.77,
1073,Uganda,2014,62.08,
1074,Uganda,2016,59.39,
1075,Uganda,2018,56.7,
1076,Uganda,2020,54.01,
1077,Ukraine,2000,5.0,
1078,Ukraine,2002,5.0,
1079,Ukraine,2004,4.6,
1080,Ukraine,2006,3.9,
1081,Ukraine,2008,3.2,
1082,Ukraine,2010,2.5,
1083,Ukraine,2012,1.8,
1084,Ukraine,2014,1.1,
1085,Ukraine,2016,1.1,
1086,Ukraine,2018,1.1,
1087,Uruguay,2000,23.7,América do Sul
1088,Uruguay,2002,23.7,América do Sul
1089,Uruguay,2004,23.68,América do Sul
1090,Uruguay,2006,19.95,América do Sul
1091,Uruguay,2008,16.22,América do Sul
1092,Uruguay,2010,12.5,América do Sul
1093,Uruguay,2012,8.77,América do Sul
1094,Uruguay,2014,5.05,América do Sul
1095,Venezuela,2000,27.82,América do Sul
1096,Venezuela,2002,26.41,América do Sul
1097,Venezuela,2004,25.7,América do Sul
1098,Venezuela,2006,25.7,América do Sul
1099,Vietnam,2000,45.32,
1100,Vietnam,2002,40.37,
1101,Vietnam,2004,35.43,
1102,Vietnam,2006,30.49,
1103,Vietnam,2008,25.54,
1104,Vietnam,2010,20.6,
1105,Vietnam,2012,15.65,
1106,Vietnam,2014,10.71,
1107,Vietnam,2016,5.77,
1108,Vietnam,2018,5.77,
1109,Vietnam,2020,5.77,
1110,World,2000,31.2,
1111,World,2002,30.92,
1112,World,2004,30.11,
1113,World,2006,29.22,
1114,World,2008,28.17,
1115,World,2010,27.28,
1116,World,2012,26.25,
1117,World,2014,25.42,
1118,World,2016,24.61,
1119,World,2018,24.36,
1120,World,2020,24.2,
1121,Yemen,2000,63.81,
1122,Yemen,2002,61.19,
1123,Yemen,2004,58.57,
1124,Yemen,2006,55.95,
1125,Yemen,2008,53.33,
1126,Yemen,2010,50.7,
1127,Yemen,2012,48.08,
1128,Yemen,2014,45.46,
1129,Yemen,2016,44.2,
1130,Yemen,2018,44.2,
1131,Zambia,2000,63.78,
1132,Zambia,2002,62.23,
1133,Zambia,2004,60.68,
1134,Zambia,2006,59.13,
1135,Zambia,2008,57.57,
1136,Zambia,2010,56.02,
1137,Zambia,2012,54.47,
1138,Zambia,2014,52.92,
1139,Zambia,2016,51.36,
1140,Zambia,2018,49.81,
1141,Zambia,2020,48.26,
1142,Zimbabwe,2000,27.52,
1143,Zimbabwe,2002,26.93,
1144,Zimbabwe,2004,26.33,
1145,Zimbabwe,2006,25.74,
1146,Zimbabwe,2008,25.14,
1147,Zimbabwe,2010,24.54,
1148,Zimbabwe,2012,23.95,
1149,Zimbabwe,2014,23.35,
1150,Zimbabwe,2016,22.76,
1151,Zimbabwe,2018,22.16,
1152,Zimbabwe,2020,21.57,
