Entity,Code,Year,11.1.1 - Proportion of urban population living in slums (%) - EN_LND_SLUM
Afghanistan,AFG,2006,63.6
Afghanistan,AFG,2008,63.6
Afghanistan,AFG,2010,64.81
Afghanistan,AFG,2012,67.25
Afghanistan,AFG,2014,69.69
Afghanistan,AFG,2016,72.13
Afghanistan,AFG,2018,73.3
Afghanistan,AFG,2020,73.3
Algeria,DZA,2008,30.8
Algeria,DZA,2010,30.8
Algeria,DZA,2012,28.89
Algeria,DZA,2014,24.98
Algeria,DZA,2016,21.08
Algeria,DZA,2018,17.17
Algeria,DZA,2020,13.27
Angola,AGO,2000,19.7
Angola,AGO,2002,19.7
Angola,AGO,2004,19.66
Angola,AGO,2006,25.79
Angola,AGO,2008,31.92
Angola,AGO,2010,38.05
Angola,AGO,2012,44.19
Angola,AGO,2014,50.32
Angola,AGO,2016,56.45
Angola,AGO,2018,62.58
Angola,AGO,2020,62.6
Argentina,ARG,2000,20.29
Argentina,ARG,2002,19.57
Argentina,ARG,2004,18.84
Argentina,ARG,2006,18.11
Argentina,ARG,2008,17.39
Argentina,ARG,2010,16.66
Argentina,ARG,2012,15.94
Armenia,ARM,2000,12.8
Armenia,ARM,2002,12.31
Armenia,ARM,2004,11.82
Armenia,ARM,2006,11.33
Armenia,ARM,2008,10.84
Armenia,ARM,2010,10.35
Armenia,ARM,2012,9.86
Armenia,ARM,2014,9.37
Armenia,ARM,2016,8.88
Armenia,ARM,2018,8.39
Armenia,ARM,2020,8.39
Austria,AUT,2000,4.5
Austria,AUT,2002,4.4
Austria,AUT,2004,4.4
Austria,AUT,2006,4.4
Azerbaijan,AZE,2000,50.94
Azerbaijan,AZE,2002,44.94
Azerbaijan,AZE,2004,38.93
Azerbaijan,AZE,2006,32.93
Azerbaijan,AZE,2008,26.93
Azerbaijan,AZE,2010,26.93
Azerbaijan,AZE,2012,26.93
Bangladesh,BGD,2000,58.31
Bangladesh,BGD,2002,57.67
Bangladesh,BGD,2004,57.02
Bangladesh,BGD,2006,56.38
Bangladesh,BGD,2008,55.73
Bangladesh,BGD,2010,55.09
Bangladesh,BGD,2012,54.45
Bangladesh,BGD,2014,53.8
Bangladesh,BGD,2016,53.16
Bangladesh,BGD,2018,52.51
Bangladesh,BGD,2020,51.87
Belarus,BLR,2000,17.56
Belarus,BLR,2002,16.03
Belarus,BLR,2004,14.5
Belarus,BLR,2006,12.97
Belarus,BLR,2008,11.45
Belarus,BLR,2010,9.92
Belarus,BLR,2012,8.39
Belarus,BLR,2014,6.86
Belarus,BLR,2016,5.33
Belarus,BLR,2018,3.8
Belarus,BLR,2020,2.28
Belize,BLZ,2000,15.8
Belize,BLZ,2002,15.76
Belize,BLZ,2004,15.76
Belize,BLZ,2006,15.75
Belize,BLZ,2008,15.75
Belize,BLZ,2010,15.75
Belize,BLZ,2012,15.74
Belize,BLZ,2014,15.74
Belize,BLZ,2016,15.73
Belize,BLZ,2018,15.73
Belize,BLZ,2020,15.73
Benin,BEN,2000,71.87
Benin,BEN,2002,71.47
Benin,BEN,2004,71.08
Benin,BEN,2006,70.69
Benin,BEN,2008,70.29
Benin,BEN,2010,69.9
Benin,BEN,2012,69.51
Benin,BEN,2014,69.11
Benin,BEN,2016,68.72
Benin,BEN,2018,68.33
Benin,BEN,2020,67.93
Bolivia,BOL,2000,57.94
Bolivia,BOL,2002,55.68
Bolivia,BOL,2004,53.42
Bolivia,BOL,2006,51.15
Bolivia,BOL,2008,48.89
Bolivia,BOL,2010,46.63
Bolivia,BOL,2012,46.63
Bolivia,BOL,2014,46.63
Bosnia and Herzegovina,BIH,2000,5.1
Bosnia and Herzegovina,BIH,2002,5.1
Bosnia and Herzegovina,BIH,2004,5.1
Bosnia and Herzegovina,BIH,2006,4.9
Bosnia and Herzegovina,BIH,2008,4.7
Bosnia and Herzegovina,BIH,2010,4.5
Bosnia and Herzegovina,BIH,2012,4.3
Bosnia and Herzegovina,BIH,2014,4
Bosnia and Herzegovina,BIH,2016,4
Bosnia and Herzegovina,BIH,2018,4
Botswana,BWA,2000,58.69
Botswana,BWA,2002,56.57
Botswana,BWA,2004,54.45
Botswana,BWA,2006,52.32
Botswana,BWA,2008,50.2
Botswana,BWA,2010,48.08
Botswana,BWA,2012,45.96
Botswana,BWA,2014,43.83
Botswana,BWA,2016,41.71
Botswana,BWA,2018,39.59
Botswana,BWA,2020,39.6
Brazil,BRA,2000,34.74
Brazil,BRA,2002,31.43
Brazil,BRA,2004,28.13
Brazil,BRA,2006,24.82
Brazil,BRA,2008,21.51
Brazil,BRA,2010,18.2
Brazil,BRA,2012,14.9
Brazil,BRA,2014,14.9
Brazil,BRA,2016,14.9
Burkina Faso,BFA,2000,82.21
Burkina Faso,BFA,2002,76.65
Burkina Faso,BFA,2004,71.08
Burkina Faso,BFA,2006,65.51
Burkina Faso,BFA,2008,59.95
Burkina Faso,BFA,2010,54.38
Burkina Faso,BFA,2012,48.81
Burkina Faso,BFA,2014,43.25
Burkina Faso,BFA,2016,37.68
Burkina Faso,BFA,2018,32.12
Burkina Faso,BFA,2020,26.55
Burundi,BDI,2000,79.7
Burundi,BDI,2002,79.7
Burundi,BDI,2004,77.04
Burundi,BDI,2006,71.68
Burundi,BDI,2008,66.32
Burundi,BDI,2010,60.96
Burundi,BDI,2012,55.59
Burundi,BDI,2014,50.23
Burundi,BDI,2016,44.87
Burundi,BDI,2018,39.51
Burundi,BDI,2020,36.8
Cambodia,KHM,2000,84.8
Cambodia,KHM,2002,79.2
Cambodia,KHM,2004,73.6
Cambodia,KHM,2006,67.9
Cambodia,KHM,2008,62.3
Cambodia,KHM,2010,56.6
Cambodia,KHM,2012,51
Cambodia,KHM,2014,45.4
Cambodia,KHM,2016,39.7
Cambodia,KHM,2018,39.7
Cambodia,KHM,2020,39.7
Cameroon,CMR,2000,65.36
Cameroon,CMR,2002,62.09
Cameroon,CMR,2004,58.83
Cameroon,CMR,2006,55.56
Cameroon,CMR,2008,52.29
Cameroon,CMR,2010,49.02
Cameroon,CMR,2012,45.75
Cameroon,CMR,2014,42.48
Cameroon,CMR,2016,39.21
Cameroon,CMR,2018,35.94
Cameroon,CMR,2020,32.67
Central African Republic,CAF,2000,85.97
Central African Republic,CAF,2002,83.12
Central African Republic,CAF,2004,80.28
Central African Republic,CAF,2006,77.44
Central African Republic,CAF,2008,74.6
Central African Republic,CAF,2010,71.76
Central African Republic,CAF,2012,68.91
Central African Republic,CAF,2014,68.91
Central African Republic,CAF,2016,68.91
Central and Southern Asia (UN),,2000,55.99
Central and Southern Asia (UN),,2002,55.11
Central and Southern Asia (UN),,2004,54.23
Central and Southern Asia (UN),,2006,53.47
Central and Southern Asia (UN),,2008,52.59
Central and Southern Asia (UN),,2010,51.73
Central and Southern Asia (UN),,2012,50.9
Central and Southern Asia (UN),,2014,50.07
Central and Southern Asia (UN),,2016,49.25
Central and Southern Asia (UN),,2018,48.46
Central and Southern Asia (UN),,2020,48.23
Chad,TCD,2000,91.58
Chad,TCD,2002,90.46
Chad,TCD,2004,89.33
Chad,TCD,2006,88.2
Chad,TCD,2008,87.07
Chad,TCD,2010,85.95
Chad,TCD,2012,84.82
Chad,TCD,2014,83.69
Chad,TCD,2016,82.57
Chad,TCD,2018,82
Chad,TCD,2020,82
Chile,CHL,2000,14.62
Chile,CHL,2002,10.97
Chile,CHL,2004,7.32
Chile,CHL,2006,7.3
Chile,CHL,2008,7.3
Colombia,COL,2000,21.18
Colombia,COL,2002,19.83
Colombia,COL,2004,18.49
Colombia,COL,2006,17.14
Colombia,COL,2008,15.8
Colombia,COL,2010,14.45
Colombia,COL,2012,13.11
Colombia,COL,2014,11.77
Colombia,COL,2016,10.42
Colombia,COL,2018,9.7
Colombia,COL,2020,9.7
Comoros,COM,2000,64.49
Comoros,COM,2002,65.09
Comoros,COM,2004,65.68
Comoros,COM,2006,66.27
Comoros,COM,2008,66.86
Comoros,COM,2010,67.45
Comoros,COM,2012,68.05
Comoros,COM,2014,68.64
Comoros,COM,2016,68.6
Comoros,COM,2018,68.6
Congo,COG,2000,87.81
Congo,COG,2002,87.81
Congo,COG,2004,84.69
Congo,COG,2006,78.46
Congo,COG,2008,72.23
Congo,COG,2010,65.99
Congo,COG,2012,59.76
Congo,COG,2014,53.53
Congo,COG,2016,47.3
Congo,COG,2018,44.18
Congo,COG,2020,44.18
Costa Rica,CRI,2000,12.7
Costa Rica,CRI,2002,11.78
Costa Rica,CRI,2004,10.87
Costa Rica,CRI,2006,9.95
Costa Rica,CRI,2008,9.04
Costa Rica,CRI,2010,8.12
Costa Rica,CRI,2012,7.21
Costa Rica,CRI,2014,6.29
Costa Rica,CRI,2016,5.38
Costa Rica,CRI,2018,4.46
Costa Rica,CRI,2020,3.55
Cote d'Ivoire,CIV,2000,67.08
Cote d'Ivoire,CIV,2002,65.54
Cote d'Ivoire,CIV,2004,64
Cote d'Ivoire,CIV,2006,62.45
Cote d'Ivoire,CIV,2008,60.91
Cote d'Ivoire,CIV,2010,59.37
Cote d'Ivoire,CIV,2012,57.83
Cote d'Ivoire,CIV,2014,56.29
Cote d'Ivoire,CIV,2016,54.75
Cote d'Ivoire,CIV,2018,53.21
Cote d'Ivoire,CIV,2020,53.21
Cuba,CUB,2000,2.15
Cuba,CUB,2002,2.15
Cuba,CUB,2004,2.15
Cuba,CUB,2006,3.2
Cuba,CUB,2008,4.25
Cuba,CUB,2010,5.3
Cuba,CUB,2012,6.35
Cuba,CUB,2014,7.4
Cuba,CUB,2016,8.44
Cuba,CUB,2018,9.49
Cuba,CUB,2020,10.54
Democratic Republic of Congo,COD,2002,71.91
Democratic Republic of Congo,COD,2004,71.91
Democratic Republic of Congo,COD,2006,72.37
Democratic Republic of Congo,COD,2008,73.3
Democratic Republic of Congo,COD,2010,74.22
Democratic Republic of Congo,COD,2012,75.14
Democratic Republic of Congo,COD,2014,76.06
Democratic Republic of Congo,COD,2016,76.98
Democratic Republic of Congo,COD,2018,77.9
Democratic Republic of Congo,COD,2020,78.36
Dominican Republic,DOM,2000,30.16
Dominican Republic,DOM,2002,27.79
Dominican Republic,DOM,2004,25.43
Dominican Republic,DOM,2006,23.07
Dominican Republic,DOM,2008,20.7
Dominican Republic,DOM,2010,18.34
Dominican Republic,DOM,2012,15.98
Dominican Republic,DOM,2014,13.61
Dominican Republic,DOM,2016,11.25
Dominican Republic,DOM,2018,11.25
Dominican Republic,DOM,2020,11.25
East Timor,TLS,2004,56.1
East Timor,TLS,2006,56.1
East Timor,TLS,2008,54
East Timor,TLS,2010,50
East Timor,TLS,2012,46
East Timor,TLS,2014,42
East Timor,TLS,2016,37.9
East Timor,TLS,2018,33.9
East Timor,TLS,2020,33.9
Eastern and South-Eastern Asia (UN),,2000,37.55
Eastern and South-Eastern Asia (UN),,2002,35.91
Eastern and South-Eastern Asia (UN),,2004,34.23
Eastern and South-Eastern Asia (UN),,2006,32.45
Eastern and South-Eastern Asia (UN),,2008,30.64
Eastern and South-Eastern Asia (UN),,2010,28.83
Eastern and South-Eastern Asia (UN),,2012,27.09
Eastern and South-Eastern Asia (UN),,2014,25.33
Eastern and South-Eastern Asia (UN),,2016,23.55
Eastern and South-Eastern Asia (UN),,2018,22.43
Eastern and South-Eastern Asia (UN),,2020,21.7
Ecuador,ECU,2000,57.41
Ecuador,ECU,2002,57.85
Ecuador,ECU,2004,57.8
Ecuador,ECU,2006,57.8
Egypt,EGY,2000,42.23
Egypt,EGY,2002,36.72
Egypt,EGY,2004,31.21
Egypt,EGY,2006,25.7
Egypt,EGY,2008,20.19
Egypt,EGY,2010,14.68
Egypt,EGY,2012,9.17
Egypt,EGY,2014,3.65
Egypt,EGY,2016,0.9
Egypt,EGY,2018,0.9
El Salvador,SLV,2002,49.5
El Salvador,SLV,2004,49.5
El Salvador,SLV,2006,46.49
El Salvador,SLV,2008,40.49
El Salvador,SLV,2010,34.49
El Salvador,SLV,2012,28.48
El Salvador,SLV,2014,22.48
El Salvador,SLV,2016,16.48
El Salvador,SLV,2018,16.5
El Salvador,SLV,2020,16.5
Eswatini,SWZ,2000,55.35
Eswatini,SWZ,2002,55.35
Eswatini,SWZ,2004,55.35
Eswatini,SWZ,2006,47.93
Eswatini,SWZ,2008,40.5
Eswatini,SWZ,2010,33.08
Eswatini,SWZ,2012,25.66
Eswatini,SWZ,2014,18.23
Eswatini,SWZ,2016,10.81
Eswatini,SWZ,2018,10.81
Eswatini,SWZ,2020,10.81
Ethiopia,ETH,2000,92.17
Ethiopia,ETH,2002,89.08
Ethiopia,ETH,2004,85.98
Ethiopia,ETH,2006,82.89
Ethiopia,ETH,2008,79.79
Ethiopia,ETH,2010,76.7
Ethiopia,ETH,2012,73.6
Ethiopia,ETH,2014,70.5
Ethiopia,ETH,2016,67.41
Ethiopia,ETH,2018,64.31
Ethiopia,ETH,2020,64.31
Europe and Northern America (UN),,2000,1.4
Europe and Northern America (UN),,2002,1.36
Europe and Northern America (UN),,2004,1.27
Europe and Northern America (UN),,2006,1.16
Europe and Northern America (UN),,2008,1.04
Europe and Northern America (UN),,2010,0.94
Europe and Northern America (UN),,2012,0.85
Europe and Northern America (UN),,2014,0.76
Europe and Northern America (UN),,2016,0.85
Europe and Northern America (UN),,2018,0.78
Europe and Northern America (UN),,2020,0.69
Fiji,FJI,2002,15
Fiji,FJI,2004,15
Fiji,FJI,2006,14.5
Fiji,FJI,2008,13.5
Fiji,FJI,2010,12.5
Fiji,FJI,2012,11.4
Fiji,FJI,2014,10.4
Fiji,FJI,2016,9.4
Fiji,FJI,2018,9.4
Fiji,FJI,2020,9.4
Gabon,GAB,2000,57.43
Gabon,GAB,2002,55.56
Gabon,GAB,2004,53.69
Gabon,GAB,2006,51.82
Gabon,GAB,2008,49.95
Gabon,GAB,2010,48.07
Gabon,GAB,2012,46.2
Gabon,GAB,2014,44.33
Gabon,GAB,2016,44.33
Gabon,GAB,2018,44.33
Gambia,GMB,2000,56.92
Gambia,GMB,2002,55.12
Gambia,GMB,2004,53.32
Gambia,GMB,2006,51.51
Gambia,GMB,2008,49.71
Gambia,GMB,2010,47.91
Gambia,GMB,2012,46.1
Gambia,GMB,2014,44.3
Gambia,GMB,2016,42.5
Gambia,GMB,2018,40.7
Gambia,GMB,2020,38.89
Georgia,GEO,2000,13.6
Georgia,GEO,2002,13.6
Georgia,GEO,2004,13.21
Georgia,GEO,2006,12.45
Georgia,GEO,2008,11.68
Georgia,GEO,2010,10.91
Georgia,GEO,2012,10.15
Georgia,GEO,2014,9.38
Georgia,GEO,2016,8.61
Georgia,GEO,2018,7.85
Georgia,GEO,2020,7.08
Ghana,GHA,2000,60.37
Ghana,GHA,2002,57.01
Ghana,GHA,2004,53.65
Ghana,GHA,2006,50.29
Ghana,GHA,2008,46.93
Ghana,GHA,2010,43.57
Ghana,GHA,2012,40.21
Ghana,GHA,2014,36.85
Ghana,GHA,2016,33.49
Ghana,GHA,2018,33.49
Ghana,GHA,2020,33.49
Guatemala,GTM,2000,55.5
Guatemala,GTM,2002,53.26
Guatemala,GTM,2004,51.02
Guatemala,GTM,2006,48.79
Guatemala,GTM,2008,46.55
Guatemala,GTM,2010,44.31
Guatemala,GTM,2012,42.08
Guatemala,GTM,2014,39.84
Guatemala,GTM,2016,37.6
Guatemala,GTM,2018,37.6
Guatemala,GTM,2020,37.6
Guinea,GIN,2000,40.67
Guinea,GIN,2002,41.5
Guinea,GIN,2004,42.33
Guinea,GIN,2006,43.17
Guinea,GIN,2008,44
Guinea,GIN,2010,44.84
Guinea,GIN,2012,45.67
Guinea,GIN,2014,46.5
Guinea,GIN,2016,47.34
Guinea,GIN,2018,48.17
Guinea,GIN,2020,49.01
Guinea-Bissau,GNB,2008,75.2
Guinea-Bissau,GNB,2010,75.2
Guinea-Bissau,GNB,2012,75.25
Guinea-Bissau,GNB,2014,71.64
Guinea-Bissau,GNB,2016,68.03
Guinea-Bissau,GNB,2018,64.42
Guinea-Bissau,GNB,2020,60.81
Guyana,GUY,2000,26.1
Guyana,GUY,2002,26.1
Guyana,GUY,2004,25.32
Guyana,GUY,2006,23.67
Guyana,GUY,2008,22.02
Guyana,GUY,2010,20.38
Guyana,GUY,2012,18.73
Guyana,GUY,2014,17.08
Guyana,GUY,2016,15.43
Guyana,GUY,2018,13.79
Guyana,GUY,2020,12.14
Haiti,HTI,2000,61.28
Haiti,HTI,2002,59.98
Haiti,HTI,2004,58.67
Haiti,HTI,2006,57.37
Haiti,HTI,2008,56.06
Haiti,HTI,2010,54.76
Haiti,HTI,2012,53.45
Haiti,HTI,2014,52.14
Haiti,HTI,2016,50.84
Haiti,HTI,2018,49.53
Haiti,HTI,2020,48.9
Honduras,HND,2000,44.4
Honduras,HND,2002,44.4
Honduras,HND,2004,43.24
Honduras,HND,2006,40.9
Honduras,HND,2008,38.56
Honduras,HND,2010,36.22
Honduras,HND,2012,33.88
Honduras,HND,2014,31.54
Honduras,HND,2016,31.5
Honduras,HND,2018,31.5
Hungary,HUN,2000,15.4
Hungary,HUN,2002,14.2
Hungary,HUN,2004,12.9
Hungary,HUN,2006,11.6
Hungary,HUN,2008,10.4
Hungary,HUN,2010,9.1
Hungary,HUN,2012,7.9
Hungary,HUN,2014,7.2
Hungary,HUN,2016,7.2
India,IND,2000,55.29
India,IND,2002,54.6
India,IND,2004,53.9
India,IND,2006,53.2
India,IND,2008,52.5
India,IND,2010,51.8
India,IND,2012,51.11
India,IND,2014,50.41
India,IND,2016,49.71
India,IND,2018,49.01
India,IND,2020,49.01
Indonesia,IDN,2000,35.13
Indonesia,IDN,2002,33.47
Indonesia,IDN,2004,31.82
Indonesia,IDN,2006,30.16
Indonesia,IDN,2008,28.51
Indonesia,IDN,2010,26.85
Indonesia,IDN,2012,25.2
Indonesia,IDN,2014,23.55
Indonesia,IDN,2016,21.89
Indonesia,IDN,2018,20.24
Indonesia,IDN,2020,19.41
Iraq,IRQ,2000,33.89
Iraq,IRQ,2002,35.44
Iraq,IRQ,2004,36.98
Iraq,IRQ,2006,38.53
Iraq,IRQ,2008,40.07
Iraq,IRQ,2010,41.62
Iraq,IRQ,2012,43.16
Iraq,IRQ,2014,44.71
Iraq,IRQ,2016,46.25
Iraq,IRQ,2018,47.79
Iraq,IRQ,2020,49.34
Ireland,IRL,2000,6.2
Ireland,IRL,2002,6.4
Ireland,IRL,2004,6.7
Ireland,IRL,2006,6.9
Ireland,IRL,2008,7.2
Ireland,IRL,2010,7.5
Ireland,IRL,2012,7.7
Ireland,IRL,2014,8
Ireland,IRL,2016,8.3
Ireland,IRL,2018,8.5
Ireland,IRL,2020,8.5
Jordan,JOR,2000,40.02
Jordan,JOR,2002,37.69
Jordan,JOR,2004,35.36
Jordan,JOR,2006,33.03
Jordan,JOR,2008,30.7
Jordan,JOR,2010,28.37
Jordan,JOR,2012,26.04
Jordan,JOR,2014,23.71
Jordan,JOR,2016,21.38
Jordan,JOR,2018,19.05
Jordan,JOR,2020,16.72
Kazakhstan,KAZ,2000,24.46
Kazakhstan,KAZ,2002,21.67
Kazakhstan,KAZ,2004,18.89
Kazakhstan,KAZ,2006,16.11
Kazakhstan,KAZ,2008,13.32
Kazakhstan,KAZ,2010,10.54
Kazakhstan,KAZ,2012,7.75
Kazakhstan,KAZ,2014,4.97
Kazakhstan,KAZ,2016,2.19
Kazakhstan,KAZ,2018,0.79
Kazakhstan,KAZ,2020,0.79
Kenya,KEN,2000,63.18
Kenya,KEN,2002,61.64
Kenya,KEN,2004,60.09
Kenya,KEN,2006,58.55
Kenya,KEN,2008,57
Kenya,KEN,2010,55.45
Kenya,KEN,2012,53.91
Kenya,KEN,2014,52.36
Kenya,KEN,2016,50.81
Kenya,KEN,2018,50.81
Kenya,KEN,2020,50.81
Kyrgyzstan,KGZ,2000,47.16
Kyrgyzstan,KGZ,2002,42.69
Kyrgyzstan,KGZ,2004,38.21
Kyrgyzstan,KGZ,2006,33.74
Kyrgyzstan,KGZ,2008,29.27
Kyrgyzstan,KGZ,2010,24.8
Kyrgyzstan,KGZ,2012,20.33
Kyrgyzstan,KGZ,2014,15.86
Kyrgyzstan,KGZ,2016,11.38
Kyrgyzstan,KGZ,2018,6.91
Kyrgyzstan,KGZ,2020,2.44
Laos,LAO,2000,54.4
Laos,LAO,2002,51
Laos,LAO,2004,47.5
Laos,LAO,2006,44.1
Laos,LAO,2008,40.7
Laos,LAO,2010,37.3
Laos,LAO,2012,33.8
Laos,LAO,2014,30.4
Laos,LAO,2016,27
Laos,LAO,2018,23.6
Laos,LAO,2020,21.8
Latin America and the Caribbean (UN),,2000,31.86
Latin America and the Caribbean (UN),,2002,30.22
Latin America and the Caribbean (UN),,2004,28.15
Latin America and the Caribbean (UN),,2006,26.2
Latin America and the Caribbean (UN),,2008,23.41
Latin America and the Caribbean (UN),,2010,21.78
Latin America and the Caribbean (UN),,2012,19.22
Latin America and the Caribbean (UN),,2014,18.35
Latin America and the Caribbean (UN),,2016,17.02
Latin America and the Caribbean (UN),,2018,17.91
Latin America and the Caribbean (UN),,2020,17.7
Lebanon,LBN,2002,92.4
Lebanon,LBN,2004,92.4
Lebanon,LBN,2006,92.41
Lebanon,LBN,2008,67.3
Lebanon,LBN,2010,42.19
Lebanon,LBN,2012,17.09
Lebanon,LBN,2014,4.5
Lebanon,LBN,2016,4.5
Lesotho,LSO,2000,62.73
Lesotho,LSO,2002,62.73
Lesotho,LSO,2004,58.6
Lesotho,LSO,2006,54.47
Lesotho,LSO,2008,50.34
Lesotho,LSO,2010,46.21
Lesotho,LSO,2012,42.08
Lesotho,LSO,2014,37.94
Lesotho,LSO,2016,33.81
Lesotho,LSO,2018,29.68
Lesotho,LSO,2020,25.55
Liberia,LBR,2002,75.49
Liberia,LBR,2004,75.49
Liberia,LBR,2006,74.6
Liberia,LBR,2008,72.81
Liberia,LBR,2010,71.03
Liberia,LBR,2012,69.24
Liberia,LBR,2014,67.46
Liberia,LBR,2016,65.67
Liberia,LBR,2018,63.88
Liberia,LBR,2020,63.88
Madagascar,MDG,2000,91.44
Madagascar,MDG,2002,89.03
Madagascar,MDG,2004,86.63
Madagascar,MDG,2006,84.23
Madagascar,MDG,2008,81.83
Madagascar,MDG,2010,79.43
Madagascar,MDG,2012,77.03
Madagascar,MDG,2014,74.62
Madagascar,MDG,2016,72.22
Madagascar,MDG,2018,69.82
Madagascar,MDG,2020,67.42
Malawi,MWI,2000,81.41
Malawi,MWI,2002,77.9
Malawi,MWI,2004,74.38
Malawi,MWI,2006,70.87
Malawi,MWI,2008,67.35
Malawi,MWI,2010,63.84
Malawi,MWI,2012,60.33
Malawi,MWI,2014,56.81
Malawi,MWI,2016,53.3
Malawi,MWI,2018,49.78
Malawi,MWI,2020,49.78
Maldives,MDV,2004,41.53
Maldives,MDV,2006,41.53
Maldives,MDV,2008,40.98
Maldives,MDV,2010,39.86
Maldives,MDV,2012,38.75
Maldives,MDV,2014,37.63
Maldives,MDV,2016,36.52
Maldives,MDV,2018,35.4
Maldives,MDV,2020,34.85
Mali,MLI,2000,83.88
Mali,MLI,2002,79.68
Mali,MLI,2004,75.49
Mali,MLI,2006,71.29
Mali,MLI,2008,67.1
Mali,MLI,2010,62.9
Mali,MLI,2012,58.71
Mali,MLI,2014,54.51
Mali,MLI,2016,50.32
Mali,MLI,2018,46.12
Mali,MLI,2020,41.93
Mauritania,MRT,2000,84.69
Mauritania,MRT,2002,81.32
Mauritania,MRT,2004,77.94
Mauritania,MRT,2006,74.56
Mauritania,MRT,2008,71.19
Mauritania,MRT,2010,67.81
Mauritania,MRT,2012,64.43
Mauritania,MRT,2014,61.06
Mauritania,MRT,2016,57.68
Mauritania,MRT,2018,56
Mauritania,MRT,2020,56
Mexico,MEX,2000,32.16
Mexico,MEX,2002,30.45
Mexico,MEX,2004,28.73
Mexico,MEX,2006,27.02
Mexico,MEX,2008,25.3
Mexico,MEX,2010,23.59
Mexico,MEX,2012,21.87
Mexico,MEX,2014,20.16
Mexico,MEX,2016,18.44
Mexico,MEX,2018,17.6
Mexico,MEX,2020,17.6
Moldova,MDA,2000,26.5
Moldova,MDA,2002,23.7
Moldova,MDA,2004,20.8
Moldova,MDA,2006,18
Moldova,MDA,2008,15.1
Moldova,MDA,2010,12.3
Moldova,MDA,2012,9.4
Moldova,MDA,2014,6.5
Moldova,MDA,2016,6.5
Moldova,MDA,2018,6.5
Mongolia,MNG,2000,57.6
Mongolia,MNG,2002,53.63
Mongolia,MNG,2004,49.66
Mongolia,MNG,2006,45.69
Mongolia,MNG,2008,41.71
Mongolia,MNG,2010,37.74
Mongolia,MNG,2012,33.77
Mongolia,MNG,2014,29.8
Mongolia,MNG,2016,25.82
Mongolia,MNG,2018,21.85
Mongolia,MNG,2020,17.88
Montenegro,MNE,2000,19.1
Montenegro,MNE,2002,19.1
Montenegro,MNE,2004,18.5
Montenegro,MNE,2006,17.3
Montenegro,MNE,2008,16.1
Montenegro,MNE,2010,14.9
Montenegro,MNE,2012,13.6
Montenegro,MNE,2014,12.4
Montenegro,MNE,2016,11.2
Montenegro,MNE,2018,10
Montenegro,MNE,2020,8.8
Morocco,MAR,2000,33.15
Morocco,MAR,2002,30.37
Morocco,MAR,2004,27.58
Morocco,MAR,2006,24.79
Morocco,MAR,2008,22
Morocco,MAR,2010,19.21
Morocco,MAR,2012,16.43
Morocco,MAR,2014,13.64
Morocco,MAR,2016,10.85
Morocco,MAR,2018,10.85
Morocco,MAR,2020,10.85
Mozambique,MOZ,2000,90.1
Mozambique,MOZ,2002,86.58
Mozambique,MOZ,2004,83.07
Mozambique,MOZ,2006,79.55
Mozambique,MOZ,2008,76.04
Mozambique,MOZ,2010,72.53
Mozambique,MOZ,2012,69.01
Mozambique,MOZ,2014,65.5
Mozambique,MOZ,2016,61.99
Mozambique,MOZ,2018,58.47
Mozambique,MOZ,2020,54.96
Myanmar,MMR,2000,29.4
Myanmar,MMR,2002,32.61
Myanmar,MMR,2004,35.82
Myanmar,MMR,2006,39.03
Myanmar,MMR,2008,42.24
Myanmar,MMR,2010,45.44
Myanmar,MMR,2012,48.65
Myanmar,MMR,2014,51.86
Myanmar,MMR,2016,55.07
Myanmar,MMR,2018,58.28
Myanmar,MMR,2020,58.28
Namibia,NAM,2000,42.56
Namibia,NAM,2002,42.41
Namibia,NAM,2004,42.26
Namibia,NAM,2006,42.11
Namibia,NAM,2008,41.96
Namibia,NAM,2010,41.81
Namibia,NAM,2012,41.66
Namibia,NAM,2014,41.51
Namibia,NAM,2016,41.36
Namibia,NAM,2018,41.4
Nepal,NPL,2000,66.31
Nepal,NPL,2002,63.42
Nepal,NPL,2004,60.53
Nepal,NPL,2006,57.63
Nepal,NPL,2008,54.74
Nepal,NPL,2010,51.85
Nepal,NPL,2012,48.96
Nepal,NPL,2014,46.07
Nepal,NPL,2016,43.17
Nepal,NPL,2018,40.28
Nepal,NPL,2020,40.28
Nicaragua,NIC,2000,71.6
Nicaragua,NIC,2002,70.34
Nicaragua,NIC,2004,69.07
Nicaragua,NIC,2006,67.81
Nicaragua,NIC,2008,67.2
Nicaragua,NIC,2010,67.2
Niger,NER,2000,70.04
Niger,NER,2002,70.1
Niger,NER,2004,70.15
Niger,NER,2006,70.21
Niger,NER,2008,70.27
Niger,NER,2010,70.33
Niger,NER,2012,70.39
Niger,NER,2014,70.44
Niger,NER,2016,70.44
Niger,NER,2018,70.44
Nigeria,NGA,2000,74.11
Nigeria,NGA,2002,71.59
Nigeria,NGA,2004,69.08
Nigeria,NGA,2006,66.57
Nigeria,NGA,2008,64.06
Nigeria,NGA,2010,61.54
Nigeria,NGA,2012,59.03
Nigeria,NGA,2014,56.52
Nigeria,NGA,2016,54.01
Nigeria,NGA,2018,51.49
Nigeria,NGA,2020,48.98
Oceania (UN),,2000,16.98
Oceania (UN),,2002,15.99
Oceania (UN),,2004,15.98
Oceania (UN),,2006,15.9
Oceania (UN),,2008,15.71
Oceania (UN),,2010,15.5
Oceania (UN),,2012,15.26
Oceania (UN),,2014,15.03
Oceania (UN),,2016,14.84
Oceania (UN),,2018,15.03
Oceania (UN),,2020,15.25
Pakistan,PAK,2000,71.22
Pakistan,PAK,2002,69.7
Pakistan,PAK,2004,68.17
Pakistan,PAK,2006,66.65
Pakistan,PAK,2008,65.12
Pakistan,PAK,2010,63.6
Pakistan,PAK,2012,62.07
Pakistan,PAK,2014,60.55
Pakistan,PAK,2016,59.02
Pakistan,PAK,2018,57.5
Pakistan,PAK,2020,55.97
Palestine,PSE,2002,30
Palestine,PSE,2004,30
Palestine,PSE,2006,29.07
Palestine,PSE,2008,27.16
Palestine,PSE,2010,25.26
Palestine,PSE,2012,23.35
Palestine,PSE,2014,21.44
Palestine,PSE,2016,19.54
Palestine,PSE,2018,19.5
Palestine,PSE,2020,19.5
Panama,PAN,2000,48.68
Panama,PAN,2002,44.36
Panama,PAN,2004,40.05
Panama,PAN,2006,35.74
Panama,PAN,2008,31.43
Panama,PAN,2010,27.12
Panama,PAN,2012,22.81
Panama,PAN,2014,18.5
Panama,PAN,2016,16.3
Panama,PAN,2018,16.3
Paraguay,PRY,2000,42.03
Paraguay,PRY,2002,39.03
Paraguay,PRY,2004,36.03
Paraguay,PRY,2006,33.04
Paraguay,PRY,2008,30.04
Paraguay,PRY,2010,27.04
Paraguay,PRY,2012,24.04
Paraguay,PRY,2014,21.05
Paraguay,PRY,2016,18.05
Paraguay,PRY,2018,15.05
Paraguay,PRY,2020,15.1
Peru,PER,2000,47.41
Peru,PER,2002,45.56
Peru,PER,2004,43.72
Peru,PER,2006,41.87
Peru,PER,2008,40.02
Peru,PER,2010,38.17
Peru,PER,2012,36.32
Peru,PER,2014,34.47
Philippines,PHL,2000,49.97
Philippines,PHL,2002,48.57
Philippines,PHL,2004,47.16
Philippines,PHL,2006,45.76
Philippines,PHL,2008,44.35
Philippines,PHL,2010,42.94
Philippines,PHL,2012,41.54
Philippines,PHL,2014,40.13
Philippines,PHL,2016,38.72
Philippines,PHL,2018,37.32
Philippines,PHL,2020,36.62
Rwanda,RWA,2000,71.42
Rwanda,RWA,2002,67.94
Rwanda,RWA,2004,64.46
Rwanda,RWA,2006,60.98
Rwanda,RWA,2008,57.5
Rwanda,RWA,2010,54.01
Rwanda,RWA,2012,50.53
Rwanda,RWA,2014,47.05
Rwanda,RWA,2016,43.57
Rwanda,RWA,2018,40.09
Rwanda,RWA,2020,38.35
Sao Tome and Principe,STP,2004,61.4
Sao Tome and Principe,STP,2006,61.4
Sao Tome and Principe,STP,2008,60.4
Sao Tome and Principe,STP,2010,58.46
Sao Tome and Principe,STP,2012,56.52
Sao Tome and Principe,STP,2014,54.58
Sao Tome and Principe,STP,2016,52.64
Sao Tome and Principe,STP,2018,52.6
Sao Tome and Principe,STP,2020,52.6
Senegal,SEN,2000,67.15
Senegal,SEN,2002,63.6
Senegal,SEN,2004,60.04
Senegal,SEN,2006,56.49
Senegal,SEN,2008,52.93
Senegal,SEN,2010,49.38
Senegal,SEN,2012,45.82
Senegal,SEN,2014,42.27
Senegal,SEN,2016,38.71
Senegal,SEN,2018,35.16
Senegal,SEN,2020,31.6
Sierra Leone,SLE,2000,73.9
Sierra Leone,SLE,2002,73.9
Sierra Leone,SLE,2004,72.55
Sierra Leone,SLE,2006,69.81
Sierra Leone,SLE,2008,67.07
Sierra Leone,SLE,2010,64.33
Sierra Leone,SLE,2012,61.6
Sierra Leone,SLE,2014,58.86
Sierra Leone,SLE,2016,56.12
Sierra Leone,SLE,2018,53.38
Sierra Leone,SLE,2020,50.65
South Africa,ZAF,2000,27.61
South Africa,ZAF,2002,27.23
South Africa,ZAF,2004,26.85
South Africa,ZAF,2006,26.47
South Africa,ZAF,2008,26.09
South Africa,ZAF,2010,25.71
South Africa,ZAF,2012,25.32
South Africa,ZAF,2014,24.94
South Africa,ZAF,2016,24.56
South Africa,ZAF,2018,24.18
South Africa,ZAF,2020,24.2
South Sudan,SSD,2002,99.8
South Sudan,SSD,2004,99.8
South Sudan,SSD,2006,99.8
South Sudan,SSD,2008,99.81
South Sudan,SSD,2010,97
South Sudan,SSD,2012,94.2
South Sudan,SSD,2014,94.2
South Sudan,SSD,2016,94.2
Sub-Saharan Africa (UN),,2000,64.14
Sub-Saharan Africa (UN),,2002,63.38
Sub-Saharan Africa (UN),,2004,61.64
Sub-Saharan Africa (UN),,2006,60.16
Sub-Saharan Africa (UN),,2008,58.74
Sub-Saharan Africa (UN),,2010,57.26
Sub-Saharan Africa (UN),,2012,55.74
Sub-Saharan Africa (UN),,2014,54.21
Sub-Saharan Africa (UN),,2016,52.68
Sub-Saharan Africa (UN),,2018,51.34
Sub-Saharan Africa (UN),,2020,50.16
Sudan,SDN,2002,99.1
Sudan,SDN,2004,99.1
Sudan,SDN,2006,99.09
Sudan,SDN,2008,94
Sudan,SDN,2010,88.92
Sudan,SDN,2012,83.83
Sudan,SDN,2014,78.75
Sudan,SDN,2016,73.66
Sudan,SDN,2018,73.7
Sudan,SDN,2020,73.7
Suriname,SUR,2000,7.43
Suriname,SUR,2002,8.27
Suriname,SUR,2004,9.1
Suriname,SUR,2006,9.94
Suriname,SUR,2008,10.78
Suriname,SUR,2010,11.62
Suriname,SUR,2012,12.45
Suriname,SUR,2014,13.29
Suriname,SUR,2016,14.13
Suriname,SUR,2018,14.96
Suriname,SUR,2020,15.8
Tajikistan,TJK,2000,60.28
Tajikistan,TJK,2002,55.73
Tajikistan,TJK,2004,51.18
Tajikistan,TJK,2006,46.63
Tajikistan,TJK,2008,42.08
Tajikistan,TJK,2010,37.53
Tajikistan,TJK,2012,32.98
Tajikistan,TJK,2014,28.44
Tajikistan,TJK,2016,23.89
Tajikistan,TJK,2018,19.34
Tajikistan,TJK,2020,17.06
Tanzania,TZA,2000,81.33
Tanzania,TZA,2002,77.07
Tanzania,TZA,2004,72.81
Tanzania,TZA,2006,68.56
Tanzania,TZA,2008,64.3
Tanzania,TZA,2010,60.04
Tanzania,TZA,2012,55.78
Tanzania,TZA,2014,51.52
Tanzania,TZA,2016,47.27
Tanzania,TZA,2018,43.01
Tanzania,TZA,2020,40.88
Thailand,THA,2000,15.61
Thailand,THA,2002,15.61
Thailand,THA,2004,15.09
Thailand,THA,2006,14.05
Thailand,THA,2008,13.01
Thailand,THA,2010,11.98
Thailand,THA,2012,10.94
Thailand,THA,2014,9.9
Thailand,THA,2016,8.87
Thailand,THA,2018,7.83
Thailand,THA,2020,6.79
Togo,TGO,2000,69.27
Togo,TGO,2002,66.03
Togo,TGO,2004,62.79
Togo,TGO,2006,59.54
Togo,TGO,2008,56.3
Togo,TGO,2010,53.06
Togo,TGO,2012,49.81
Togo,TGO,2014,46.57
Togo,TGO,2016,43.33
Togo,TGO,2018,40.08
Togo,TGO,2020,38.5
Trinidad and Tobago,TTO,2000,11.06
Trinidad and Tobago,TTO,2002,11.06
Trinidad and Tobago,TTO,2004,11.06
Trinidad and Tobago,TTO,2006,10.28
Trinidad and Tobago,TTO,2008,9.5
Trinidad and Tobago,TTO,2010,8.72
Trinidad and Tobago,TTO,2012,7.94
Trinidad and Tobago,TTO,2014,7.5
Trinidad and Tobago,TTO,2016,7.5
Tunisia,TUN,2006,10.4
Tunisia,TUN,2008,10.4
Tunisia,TUN,2010,10.14
Tunisia,TUN,2012,9.64
Tunisia,TUN,2014,9.14
Tunisia,TUN,2016,8.64
Tunisia,TUN,2018,8.14
Tunisia,TUN,2020,7.64
Turkey,TUR,2000,24.58
Turkey,TUR,2002,23.19
Turkey,TUR,2004,21.79
Turkey,TUR,2006,20.4
Turkey,TUR,2008,19.01
Turkey,TUR,2010,17.61
Turkey,TUR,2012,16.22
Turkey,TUR,2014,14.82
Turkey,TUR,2016,14.13
Turkey,TUR,2018,14.13
Turkmenistan,TKM,2000,10.5
Turkmenistan,TKM,2002,10.5
Turkmenistan,TKM,2004,10.51
Turkmenistan,TKM,2006,10.26
Turkmenistan,TKM,2008,10.01
Turkmenistan,TKM,2010,9.76
Turkmenistan,TKM,2012,9.51
Turkmenistan,TKM,2014,9.26
Turkmenistan,TKM,2016,9.01
Turkmenistan,TKM,2018,8.76
Turkmenistan,TKM,2020,8.51
Uganda,UGA,2000,80.9
Uganda,UGA,2002,78.21
Uganda,UGA,2004,75.52
Uganda,UGA,2006,72.83
Uganda,UGA,2008,70.15
Uganda,UGA,2010,67.46
Uganda,UGA,2012,64.77
Uganda,UGA,2014,62.08
Uganda,UGA,2016,59.39
Uganda,UGA,2018,56.7
Uganda,UGA,2020,54.01
Ukraine,UKR,2000,5
Ukraine,UKR,2002,5
Ukraine,UKR,2004,4.6
Ukraine,UKR,2006,3.9
Ukraine,UKR,2008,3.2
Ukraine,UKR,2010,2.5
Ukraine,UKR,2012,1.8
Ukraine,UKR,2014,1.1
Ukraine,UKR,2016,1.1
Ukraine,UKR,2018,1.1
Uruguay,URY,2000,23.7
Uruguay,URY,2002,23.7
Uruguay,URY,2004,23.68
Uruguay,URY,2006,19.95
Uruguay,URY,2008,16.22
Uruguay,URY,2010,12.5
Uruguay,URY,2012,8.77
Uruguay,URY,2014,5.05
Venezuela,VEN,2000,27.82
Venezuela,VEN,2002,26.41
Venezuela,VEN,2004,25.7
Venezuela,VEN,2006,25.7
Vietnam,VNM,2000,45.32
Vietnam,VNM,2002,40.37
Vietnam,VNM,2004,35.43
Vietnam,VNM,2006,30.49
Vietnam,VNM,2008,25.54
Vietnam,VNM,2010,20.6
Vietnam,VNM,2012,15.65
Vietnam,VNM,2014,10.71
Vietnam,VNM,2016,5.77
Vietnam,VNM,2018,5.77
Vietnam,VNM,2020,5.77
World,OWID_WRL,2000,31.2
World,OWID_WRL,2002,30.92
World,OWID_WRL,2004,30.11
World,OWID_WRL,2006,29.22
World,OWID_WRL,2008,28.17
World,OWID_WRL,2010,27.28
World,OWID_WRL,2012,26.25
World,OWID_WRL,2014,25.42
World,OWID_WRL,2016,24.61
World,OWID_WRL,2018,24.36
World,OWID_WRL,2020,24.2
Yemen,YEM,2000,63.81
Yemen,YEM,2002,61.19
Yemen,YEM,2004,58.57
Yemen,YEM,2006,55.95
Yemen,YEM,2008,53.33
Yemen,YEM,2010,50.7
Yemen,YEM,2012,48.08
Yemen,YEM,2014,45.46
Yemen,YEM,2016,44.2
Yemen,YEM,2018,44.2
Zambia,ZMB,2000,63.78
Zambia,ZMB,2002,62.23
Zambia,ZMB,2004,60.68
Zambia,ZMB,2006,59.13
Zambia,ZMB,2008,57.57
Zambia,ZMB,2010,56.02
Zambia,ZMB,2012,54.47
Zambia,ZMB,2014,52.92
Zambia,ZMB,2016,51.36
Zambia,ZMB,2018,49.81
Zambia,ZMB,2020,48.26
Zimbabwe,ZWE,2000,27.52
Zimbabwe,ZWE,2002,26.93
Zimbabwe,ZWE,2004,26.33
Zimbabwe,ZWE,2006,25.74
Zimbabwe,ZWE,2008,25.14
Zimbabwe,ZWE,2010,24.54
Zimbabwe,ZWE,2012,23.95
Zimbabwe,ZWE,2014,23.35
Zimbabwe,ZWE,2016,22.76
Zimbabwe,ZWE,2018,22.16
Zimbabwe,ZWE,2020,21.57